{
    "name": "Foundry-proximity-voice-chat",
    "title": "Foundry Proximity Voice Chat",
    "description": "A module that adjusts player voice chat volume based on token proximity.",
    "version": "0.1.0",
    "authors": [
        {
            "name": "David",
            "email": "miamisunburn@zoho.com"
        }
    ],
    "minimumCoreVersion": "0.7.9",
    "compatibleCoreVersion": "0.8.8",
    "scripts": ["scripts/proximityVoiceChat.js"],
    "esmodules": ["scripts/proximityVoiceChat.js"]
}
